{
	"class_name" : "PinholeCameraParameters",
	"extrinsic" : 
	[
		1.2674538472340917e-311,
		2.4809218188573542e-312,
		0.0,
		1.3191552743961283e-321,
		0.0,
		1.42290906002279e-321,
		0.0,
		8.8931816251424378e-323,
		0.0,
		2.4809218164512545e-312,
		1.2674544932031847e-311,
		6.9523535092722903e-310,
		1.2674538456214614e-311,
		1.8999570821207778e-76,
		1.3191552743961283e-321,
		4.0742319186533228e-311
	],
	"intrinsic" : 
	{
		"height" : -1,
		"intrinsic_matrix" : [ 1.0, 0.0, 0.0, 0.0, 1.0, 0.0, 0.0, 0.0, 1.0 ],
		"width" : -1
	},
	"version_major" : 1,
	"version_minor" : 0
}